{"cameraMode":{"drawMode":0,"name":"Shaded","section":"Shading Mode"},"sceneLighting":false,"audioPlay":false,"sceneViewState":{"m_AlwaysRefresh":false,"showFog":true,"showSkybox":false,"showFlares":true,"showImageEffects":true,"showParticleSystems":true,"showVisualEffectGraphs":true,"m_FxEnabled":true},"in2DMode":false,"pivot":{"x":-0.014951050281524659,"y":0.03438769280910492,"z":0.007624208927154541},"rotation":{"x":0.030493466183543206,"y":0.9679690599441528,"z":-0.20176595449447633,"w":0.1462937593460083},"size":0.3018091917037964,"orthographic":true}