{"cameraMode":{"drawMode":0,"name":"Shaded","section":"Shading Mode"},"sceneLighting":true,"audioPlay":false,"sceneViewState":{"m_AlwaysRefresh":false,"showFog":true,"showSkybox":true,"showFlares":true,"showImageEffects":true,"showParticleSystems":true,"showVisualEffectGraphs":true,"m_FxEnabled":false},"in2DMode":false,"pivot":{"x":0.855213463306427,"y":1.5674725770950318,"z":-0.6025005578994751},"rotation":{"x":-0.19620653986930848,"y":0.3575194478034973,"z":-0.0771002396941185,"w":-0.9098387360572815},"size":0.08463171124458313,"orthographic":false}