{"cameraMode":{"drawMode":0,"name":"Shaded","section":"Shading Mode"},"sceneLighting":false,"audioPlay":false,"sceneViewState":{"m_AlwaysRefresh":false,"showFog":true,"showSkybox":false,"showFlares":true,"showImageEffects":true,"showParticleSystems":true,"showVisualEffectGraphs":true,"m_FxEnabled":true},"in2DMode":false,"pivot":{"x":-0.12625877559185029,"y":-1.0472722053527833,"z":0.5838392376899719},"rotation":{"x":0.5221778750419617,"y":0.3911575675010681,"z":-0.29208508133888247,"w":0.6992964148521423},"size":0.6559641361236572,"orthographic":true}