{"cameraMode":{"drawMode":0,"name":"Shaded","section":"Shading Mode"},"sceneLighting":false,"audioPlay":false,"sceneViewState":{"m_AlwaysRefresh":false,"showFog":true,"showSkybox":false,"showFlares":true,"showImageEffects":true,"showParticleSystems":true,"showVisualEffectGraphs":true,"m_FxEnabled":true},"in2DMode":false,"pivot":{"x":0.20410305261611939,"y":-0.006091699004173279,"z":-0.15621230006217957},"rotation":{"x":0.07039356231689453,"y":0.5640577077865601,"z":-0.04834504798054695,"w":0.8213106989860535},"size":0.4357765316963196,"orthographic":false}