{"cameraMode":{"drawMode":0,"name":"Shaded","section":"Shading Mode"},"sceneLighting":false,"audioPlay":false,"sceneViewState":{"m_AlwaysRefresh":false,"showFog":true,"showSkybox":false,"showFlares":true,"showImageEffects":true,"showParticleSystems":true,"showVisualEffectGraphs":true,"m_FxEnabled":true},"in2DMode":false,"pivot":{"x":0.09478777647018433,"y":0.12322347611188889,"z":0.012385621666908265},"rotation":{"x":-0.06240108609199524,"y":0.8578808307647705,"z":0.10736159235239029,"w":0.4986220598220825},"size":0.22808101773262025,"orthographic":false}