{"cameraMode":{"drawMode":0,"name":"Shaded","section":"Shading Mode"},"sceneLighting":false,"audioPlay":false,"sceneViewState":{"m_AlwaysRefresh":false,"showFog":true,"showSkybox":false,"showFlares":true,"showImageEffects":true,"showParticleSystems":true,"showVisualEffectGraphs":true,"m_FxEnabled":true},"in2DMode":false,"pivot":{"x":0.016668148338794709,"y":-0.09427744150161743,"z":0.6191110610961914},"rotation":{"x":-0.0008868323056958616,"y":-0.9961684942245483,"z":0.08688588440418244,"w":-0.01016515027731657},"size":0.6842114925384522,"orthographic":true}