{"cameraMode":{"drawMode":0,"name":"Shaded","section":"Shading Mode"},"sceneLighting":true,"audioPlay":false,"sceneViewState":{"m_AlwaysRefresh":false,"showFog":true,"showSkybox":true,"showFlares":true,"showImageEffects":true,"showParticleSystems":true,"showVisualEffectGraphs":true,"m_FxEnabled":true},"in2DMode":false,"pivot":{"x":1.1889886856079102,"y":1.3146986961364747,"z":0.09032773971557617},"rotation":{"x":-0.015366025269031525,"y":0.17310231924057008,"z":0.0027009081095457079,"w":0.9847806692123413},"size":1.482739806175232,"orthographic":false}